sku,slug,nombre,marca,categoria,subcategoria,deportes,publico,descripcion_corta,personalizable,tecnicas,tallas,colores,destacado,estado,origen,url_anterior
BAL-001,balon-de-futbol-futre-5,Balón de Fútbol FUTRE #5,Futre,balones,balones-futbol,futbol,unisex,Balón de fútbol tamaño oficial #5 para entrenamiento y partido.,no,,5,Blanco/Negro,si,publicado,sitio_actual,https://www.pypdeportescoapa.com/producto/balon-de-futbol-futre-5/
BAL-002,balon-soccer-cruzeiro,Balón Soccer Cruzeiro,Cruzeiro,balones,balones-futbol,futbol,unisex,Balón de soccer cosido para uso rudo en cancha de pasto o sintética.,no,,3|4|5,Blanco/Azul,no,publicado,sitio_actual,https://www.pypdeportescoapa.com/producto/balon-soccer-cruzeiro/
BAL-003,balon-futbol-cruzeiro-5-multicolor,Balón Fútbol Cruzeiro #5 Multicolor,Cruzeiro,balones,balones-futbol,futbol,unisex,Balón #5 multicolor ideal para ligas y escuelas.,no,,5,Multicolor,no,publicado,sitio_actual,https://www.pypdeportescoapa.com/producto/balon-futbol-cruzeiro-5-multicolor/
BAL-004,balon-economico-figo,Balón Económico Figo,Figo,balones,balones-futbol,futbol,infantil,Balón económico para práctica y escuelas de fútbol.,no,,4|5,Surtido,no,publicado,sitio_actual,https://www.pypdeportescoapa.com/producto/balon-economico-figo/
BAL-005,balon-futbol-molten,Balón Fútbol Molten,Molten,balones,balones-futbol,futbol,unisex,Balón de fútbol Molten para partido.,no,,5,Blanco/Rojo,no,publicado,sitio_actual,https://www.pypdeportescoapa.com/producto/balon-futbol-molten/
BAL-006,balon-de-futbol-adidas-5-epp-clb,Balón de Fútbol Adidas #5 EPP CLB,Adidas,balones,balones-futbol,futbol,unisex,Balón Adidas de club tamaño #5.,no,,5,Blanco/Negro,si,publicado,sitio_actual,https://www.pypdeportescoapa.com/producto/balon-de-futbol-adidas-5-epp-clb/
BAL-007,balon-basquet-spalding,Balón Básquet Spalding,Spalding,balones,balones-basquetbol,basquetbol,unisex,Balón de básquetbol para interior y exterior.,no,,5|6|7,Naranja,no,publicado,sitio_actual,https://www.pypdeportescoapa.com/producto/balon-basquet-spalding/
BAL-008,balon-basquet-molten-bg4000,Balón Básquet Molten BG4000,Molten,balones,balones-basquetbol,basquetbol,unisex,Balón de básquetbol de piel sintética para competencia.,no,,6|7,Naranja/Crema,si,publicado,sitio_actual,https://www.pypdeportescoapa.com/producto/balon-basquet-molten-bg4000/
BAL-009,balon-voleibol-molten-v5,Balón Voleibol Molten V5,Molten,balones,balones-voleibol,voleibol,unisex,Balón de voleibol laminado para escuela y liga.,no,,5,Azul/Amarillo/Blanco,no,publicado,inventado,
PRO-001,espinillera-economica,Espinillera Económica,P&P,protecciones,espinilleras,futbol,unisex,Espinillera ligera para entrenamiento.,no,,CH|M|G,Negro,no,publicado,sitio_actual,https://www.pypdeportescoapa.com/producto/espinillera-economica/
PRO-002,espinillera-cruzeiro-chaton-inf,Espinillera Cruzeiro Chaton Infantil,Cruzeiro,protecciones,espinilleras,futbol,infantil,Espinillera infantil con tobillera.,no,,CH|M,Negro/Azul,no,publicado,sitio_actual,https://www.pypdeportescoapa.com/producto/espinillera-cruzeiro-chaton-inf/
PRO-003,guante-de-portero-cruzeiro-infantil,Guante de Portero Cruzeiro Infantil,Cruzeiro,protecciones,guantes-portero,futbol,infantil,Guante de portero con palma de látex para niño.,no,,5|6|7,Negro/Verde,no,publicado,sitio_actual,https://www.pypdeportescoapa.com/producto/guante-de-portero-cruzeiro-infantil/
PRO-004,careta-entrenamiento-c-pomulos-menton-acojinado-en-nuca,Careta de Entrenamiento con Pómulos y Mentón,P&P,protecciones,caretas,box,adulto,Careta acojinada con protección en pómulos y mentón y ajuste en nuca.,no,,CH|M|G,Negro|Rojo|Azul,no,publicado,sitio_actual,https://www.pypdeportescoapa.com/producto/careta-entrenamiento-c-pomulos-menton-acojinado-en-nuca/
ROP-001,pantalon-portero,Pantalón de Portero,P&P,ropa-deportiva,pantalones,futbol,unisex,Pantalón acolchado para portero.,si,vinil|bordado,CH|M|G|XG,Negro,no,publicado,sitio_actual,https://www.pypdeportescoapa.com/producto/pantalon-portero/
ROP-002,pescador-portero-rinat,Pescador de Portero Rinat,Rinat,ropa-deportiva,pantalones,futbol,unisex,Pescador de portero con protección lateral.,no,,CH|M|G|XG,Negro,no,publicado,sitio_actual,https://www.pypdeportescoapa.com/producto/pescador-portero-rinat/
ROP-003,medias-de-futbol,Medias de Fútbol,P&P,ropa-deportiva,medias,futbol,unisex,Medias largas para uniforme de fútbol en colores de liga.,no,,infantil|juvenil|adulto,Blanco|Negro|Rojo|Azul marino|Azul rey|Verde|Amarillo|Naranja,si,publicado,sitio_actual,https://www.pypdeportescoapa.com/producto/medias-de-futbol/
ROP-004,media-calceta-futbol,Media Calceta de Fútbol,P&P,ropa-deportiva,medias,futbol,unisex,Calceta deportiva de fútbol.,no,,infantil|adulto,Blanco|Negro|Rojo|Azul,no,publicado,sitio_actual,https://www.pypdeportescoapa.com/producto/media-calceta-futbol/
ROP-005,short-liso-economico,Short Liso Económico,P&P,ropa-deportiva,shorts,futbol|basquetbol|voleibol,unisex,Short liso para uniforme o entrenamiento.,si,vinil|serigrafia,6|8|10|12|14|CH|M|G|XG,Blanco|Negro|Rojo|Azul marino|Azul rey|Verde,no,publicado,sitio_actual,https://www.pypdeportescoapa.com/producto/short-liso-economico/
ROP-006,casaca,Casaca Adulto,P&P,material-entrenamiento,casacas,futbol|basquetbol|voleibol,adulto,Casaca de malla para dividir equipos en entrenamiento.,si,vinil,unitalla,Lima|Naranja|Amarillo|Rojo|Azul,si,publicado,sitio_actual,https://www.pypdeportescoapa.com/producto/casaca/
ROP-007,short-para-boxeo,Short para Boxeo,P&P,ropa-deportiva,shorts,box,adulto,Short de satín para boxeo.,si,bordado|vinil,CH|M|G|XG,Rojo|Azul|Negro,no,publicado,sitio_actual,https://www.pypdeportescoapa.com/producto/short-para-boxeo/
ROP-008,bata-para-box-azul,Bata para Box ADX,ADX,ropa-deportiva,batas,box,adulto,Bata de satín para boxeo.,si,bordado,M|G|XG,Azul|Rojo|Negro,no,publicado,sitio_actual,https://www.pypdeportescoapa.com/producto/bata-para-box-azul/
UNI-001,uniforme-futbol-completo,Uniforme de Fútbol Completo,P&P,uniformes,uniformes-futbol,futbol,unisex,Jersey + short + medias con escudo nombre y número. Hecho a la medida de tu equipo.,si,sublimacion|vinil|bordado,6|8|10|12|14|CH|M|G|XG|XXG,A elegir,si,publicado,inventado,
UNI-002,jersey-futbol-sublimado,Jersey de Fútbol Sublimado,P&P,uniformes,jerseys,futbol,unisex,Jersey sublimado con tu diseño colores y patrocinadores.,si,sublimacion,6|8|10|12|14|CH|M|G|XG|XXG,A elegir,si,publicado,inventado,
UNI-003,uniforme-basquetbol-completo,Uniforme de Básquetbol Completo,P&P,uniformes,uniformes-basquetbol,basquetbol,unisex,Camiseta y short de básquetbol con nombre y número.,si,sublimacion|vinil,8|10|12|14|CH|M|G|XG|XXG,A elegir,no,publicado,inventado,
UNI-004,uniforme-voleibol-completo,Uniforme de Voleibol Completo,P&P,uniformes,uniformes-voleibol,voleibol,unisex,Playera y short de voleibol para equipos varonil y femenil.,si,sublimacion|vinil,8|10|12|14|CH|M|G|XG,A elegir,no,publicado,inventado,
UNI-005,uniforme-portero-completo,Uniforme de Portero Completo,P&P,uniformes,uniformes-futbol,futbol,unisex,Jersey de manga larga + pantalón o short de portero.,si,sublimacion|vinil,8|10|12|14|CH|M|G|XG,A elegir,no,publicado,inventado,
BOX-001,guante-de-box,Guante de Box,P&P,box-y-combate,guantes-box,box,adulto,Guante de box para entrenamiento.,no,,10oz|12oz|14oz|16oz,Rojo|Negro|Azul,no,publicado,sitio_actual,https://www.pypdeportescoapa.com/producto/guante-de-box/
BOX-002,guante-para-box-seyer,Guante para Box Seyer,Seyer,box-y-combate,guantes-box,box,adulto,Guante de box Seyer para entrenamiento.,no,,10oz|12oz|14oz|16oz,Rojo|Negro,no,publicado,sitio_actual,https://www.pypdeportescoapa.com/producto/guante-para-box-seyer/
BOX-003,guante-box-kit-piel-adx,Guante de Box ADX Kit Piel,ADX,box-y-combate,guantes-box,box,adulto,Guante de box de piel ADX.,no,,12oz|14oz|16oz,Rojo|Negro,no,publicado,sitio_actual,https://www.pypdeportescoapa.com/producto/guante-box-kit-piel-adx/
BOX-004,guante-de-box-adx-piel,Guante de Box ADX Piel,ADX,box-y-combate,guantes-box,box,adulto,Guante de box profesional de piel.,no,,12oz|14oz|16oz,Rojo|Negro|Azul,si,publicado,sitio_actual,https://www.pypdeportescoapa.com/producto/guante-de-box-adx-piel/
BOX-005,guante-de-box-metalico-adx,Guante de Boxeo ADX Metálico,ADX,box-y-combate,guantes-box,box,adulto,Guante de box con acabado metálico.,no,,12oz|14oz|16oz,Dorado|Plata,no,publicado,sitio_actual,https://www.pypdeportescoapa.com/producto/guante-de-box-metalico-adx/
BOX-006,guante-de-box-palomares,Guante de Box Palomares,Palomares,box-y-combate,guantes-box,box,adulto,Guante de box Palomares.,no,,12oz|14oz|16oz,Rojo|Negro,no,publicado,sitio_actual,https://www.pypdeportescoapa.com/producto/guante-de-box-palomares/
BOX-007,guante-de-box-palomares-10oz,Guante de Box Palomares 10 oz,Palomares,box-y-combate,guantes-box,box,adulto,Guante de box Palomares de 10 oz.,no,,10oz,Rojo|Negro,no,publicado,sitio_actual,https://www.pypdeportescoapa.com/producto/guante-de-box-palomares-10oz/
BOX-008,guante-de-box-pvc-ii-16-oz,Guante de Box PVC II 16 oz,P&P,box-y-combate,guantes-box,box,adulto,Guante de box de PVC de 16 oz.,no,,16oz,Rojo|Negro,no,publicado,sitio_actual,https://www.pypdeportescoapa.com/producto/guante-de-box-pvc-ii-16-oz/
BOX-009,manopla-para-box-seyer,Manopla para Box Seyer,Seyer,box-y-combate,manoplas,box,adulto,Manopla curva para entrenamiento de golpeo.,no,,unitalla,Negro|Rojo,no,publicado,sitio_actual,https://www.pypdeportescoapa.com/producto/manopla-para-box-seyer/
BOX-010,adx-kit-training,ADX Kit Training,ADX,box-y-combate,kits,box,adulto,Kit de entrenamiento de box ADX.,no,,unitalla,Negro/Rojo,no,publicado,sitio_actual,https://www.pypdeportescoapa.com/producto/adx-kit-training/
BOX-011,kit-costal-guantes,Kit Costal y Guantes ADX,ADX,box-y-combate,kits,box,adulto,Costal con par de guantes ADX.,no,,unitalla,Negro/Rojo,no,publicado,sitio_actual,https://www.pypdeportescoapa.com/producto/kit-costal-guantes/
BOX-012,costal-inf-box-c-guantes-seyer,Costal Infantil de Box con Guantes Seyer,Seyer,box-y-combate,kits,box,infantil,Costal infantil con guantes.,no,,unitalla,Rojo|Azul,no,publicado,sitio_actual,https://www.pypdeportescoapa.com/producto/costal-inf-box-c-guantes-seyer/
ENT-001,conos-para-entrenamiento,Conos para Entrenamiento,P&P,material-entrenamiento,conos,futbol|basquetbol|atletismo,unisex,Conos de plástico para circuitos y delimitar zonas.,no,,23cm|30cm|45cm,Naranja|Amarillo|Rojo|Azul,si,publicado,sitio_actual,https://www.pypdeportescoapa.com/producto/conos-para-entrenamiento/
ENT-002,plato-para-entrenamiento,Plato para Entrenamiento,P&P,material-entrenamiento,platos,futbol|atletismo,unisex,Plato marcador flexible. Se vende por juego.,no,,unitalla,Naranja|Amarillo|Rojo|Azul|Verde,no,publicado,sitio_actual,https://www.pypdeportescoapa.com/producto/plato-para-entrenamiento/
ENT-003,porteria-desmontable,Portería Chica Desmontable,P&P,material-entrenamiento,porterias,futbol,unisex,Portería chica desmontable para entrenamiento y fútbol infantil.,no,,unitalla,Blanco,no,publicado,sitio_actual,https://www.pypdeportescoapa.com/producto/porteria-desmontable/
ENT-004,bomba-de-aire-para-balon,Bomba de Aire para Balón,P&P,accesorios,bombas,futbol|basquetbol|voleibol,unisex,Bomba manual con aguja para inflar balones.,no,,unitalla,Surtido,no,publicado,sitio_actual,https://www.pypdeportescoapa.com/producto/bomba-de-aire-para-balon/
ENT-005,silbato,Silbato,P&P,accesorios,silbatos,futbol|basquetbol|voleibol|atletismo,unisex,Silbato para entrenador y árbitro.,no,,unitalla,Negro|Surtido,no,publicado,sitio_actual,https://www.pypdeportescoapa.com/producto/silbato/
ENT-006,silbato-molten-dolfin-b,Silbato Molten Dolfin B,Molten,accesorios,silbatos,futbol|basquetbol|voleibol,unisex,Silbato sin bolita Molten para arbitraje.,no,,unitalla,Negro|Azul|Rojo,no,publicado,sitio_actual,https://www.pypdeportescoapa.com/producto/silbato-molten-dolfin-b/
ENT-007,gafete-de-capitan-manriquez,Gafete de Capitán Manríquez,Manríquez,accesorios,gafetes,futbol,unisex,Brazalete elástico de capitán.,no,,infantil|adulto,Amarillo|Rojo|Azul,no,publicado,sitio_actual,https://www.pypdeportescoapa.com/producto/gafete-de-capitan-manriquez/
FIT-001,mancuerna-10-kg,Mancuerna 10 kg,P&P,fitness-y-gimnasio,pesas,fitness,adulto,Mancuerna de 10 kg recubierta.,no,,10kg,Negro,no,publicado,sitio_actual,https://www.pypdeportescoapa.com/producto/mancuerna-10-kg/
FIT-002,bandas-de-resistencia-wilson,Bandas de Resistencia Wilson,Wilson,fitness-y-gimnasio,bandas,fitness,adulto,Juego de bandas de resistencia de varios niveles.,no,,unitalla,Surtido,no,publicado,sitio_actual,https://www.pypdeportescoapa.com/producto/bandas-de-resistencia-wilson/
FIT-003,trampolin-fitness,Trampolín Fitness,P&P,fitness-y-gimnasio,cardio,fitness,adulto,Trampolín de rebote para ejercicio cardiovascular.,no,,unitalla,Negro,no,publicado,sitio_actual,https://www.pypdeportescoapa.com/producto/trampolin-fitness/
FIT-004,tapete-para-yoga-10-mm,Tapete para Yoga 10 mm,P&P,fitness-y-gimnasio,tapetes,fitness,adulto,Tapete de 10 mm de grosor para yoga y ejercicio en piso.,no,,unitalla,Morado|Azul|Negro|Rosa,no,publicado,sitio_actual,https://www.pypdeportescoapa.com/producto/tapete-para-yoga-10-mm/
FIT-005,pelota-de-pilates-yoga-ball-65cm,Pelota de Pilates Yoga Ball 65 cm,P&P,fitness-y-gimnasio,pelotas,fitness,adulto,Pelota de 65 cm para pilates y core.,no,,65cm,Gris|Azul|Rosa,no,publicado,sitio_actual,https://www.pypdeportescoapa.com/producto/pelota-de-pilates-yoga-ball-65cm/
FIT-006,cuerda-para-saltar,Cuerda para Saltar,P&P,fitness-y-gimnasio,cardio,fitness|box,unisex,Cuerda para saltar ajustable.,no,,unitalla,Negro|Surtido,no,publicado,sitio_actual,https://www.pypdeportescoapa.com/producto/cuerda-para-saltar/
NAT-001,goggle-turbo-escualo,Goggle Turbo Escualo,Escualo,natacion,goggles,natacion,unisex,Goggles de natación con antiempañante.,no,,adulto|infantil,Azul|Negro|Transparente,no,publicado,sitio_actual,https://www.pypdeportescoapa.com/producto/goggle-turbo-escualo/
NAT-002,gorra-natacion-silicon-escualo,Gorra de Natación Silicón Escualo,Escualo,natacion,gorras,natacion,unisex,Gorra de silicón para entrenamiento.,si,serigrafia,adulto|infantil,Azul|Negro|Blanco|Rojo,no,publicado,inventado,
AUX-001,pomada-maravillosa,Pomada Maravillosa,Maravillosa,primeros-auxilios,pomadas,futbol|basquetbol|voleibol|box|fitness,adulto,Pomada para golpes y dolor muscular. Básico del botiquín de equipo.,no,,unitalla,,no,publicado,sitio_actual,https://www.pypdeportescoapa.com/producto/pomada-maravillosa/
AUX-002,cloruro-de-etilo,Cloruro de Etilo,P&P,primeros-auxilios,aerosoles,futbol|basquetbol|voleibol|box,adulto,Aerosol frío para golpes durante el partido.,no,,unitalla,,no,publicado,sitio_actual,https://www.pypdeportescoapa.com/producto/cloruro-de-etilo/
AUX-003,botiquin-deportivo-equipo,Botiquín Deportivo para Equipo,P&P,primeros-auxilios,botiquines,futbol|basquetbol|voleibol,unisex,Maletín con básicos de primeros auxilios para la banca.,no,,unitalla,Rojo,no,publicado,inventado,
